{
  "src": [
    "drums.webm",
    "drums.mp3"
  ],
  "sprite": {
    "clap": [
      0,
      483.9909297052154
    ],
    "closed-hihat": [
      2000,
      386.7573696145126
    ],
    "crash": [
      4000,
      13256.825396825398
    ],
    "kick": [
      19000,
      166.00907029478407
    ],
    "open-hithat": [
      21000,
      1835.918367346938
    ],
    "snare": [
      24000,
      245.26077097505805
    ]
  }
}